09:49:24,D69B93C9,kaggle_home_credit,start_here_a_gentle_introduction,storage_aware,all_mat,16777216.0,199.897848
09:49:24,D69B93C9,kaggle_home_credit,introduction_to_manual_feature_engineering,storage_aware,all_mat,16777216.0,170.878678
09:49:24,D69B93C9,kaggle_home_credit,introduction_to_manual_feature_engineering_p2,storage_aware,all_mat,16777216.0,292.722393
09:49:24,D69B93C9,kaggle_home_credit,fork_cridata_start_here_a_gentle_introduction,storage_aware,all_mat,16777216.0,92.784123
09:49:24,D69B93C9,kaggle_home_credit,fork_taozhongxiao_start_here_a_gentle_introduction,storage_aware,all_mat,16777216.0,47.791024
09:49:24,D69B93C9,kaggle_home_credit,fork_introduction_to_manual_feature_engineering,storage_aware,all_mat,16777216.0,42.575008
09:49:24,D69B93C9,kaggle_home_credit,fork_introduction_to_manual_feature_engineering_p2,storage_aware,all_mat,16777216.0,259.172296
09:49:24,D69B93C9,kaggle_home_credit,fork_join_start_here_intro,storage_aware,all_mat,16777216.0,80.169602
10:15:30,DCEA6028,kaggle_home_credit,start_here_a_gentle_introduction,simple,all_mat,16777216.0,199.74385
10:15:30,DCEA6028,kaggle_home_credit,introduction_to_manual_feature_engineering,simple,all_mat,16777216.0,171.974444
10:15:30,DCEA6028,kaggle_home_credit,introduction_to_manual_feature_engineering_p2,simple,all_mat,16777216.0,294.126022
10:15:30,DCEA6028,kaggle_home_credit,fork_cridata_start_here_a_gentle_introduction,simple,all_mat,16777216.0,149.391393
10:15:30,DCEA6028,kaggle_home_credit,fork_taozhongxiao_start_here_a_gentle_introduction,simple,all_mat,16777216.0,107.505096
10:15:30,DCEA6028,kaggle_home_credit,fork_introduction_to_manual_feature_engineering,simple,all_mat,16777216.0,154.842535
10:15:30,DCEA6028,kaggle_home_credit,fork_introduction_to_manual_feature_engineering_p2,simple,all_mat,16777216.0,462.482055
10:15:30,DCEA6028,kaggle_home_credit,fork_join_start_here_intro,simple,all_mat,16777216.0,244.145154
10:52:42,41910E0E,kaggle_home_credit,start_here_a_gentle_introduction,storage_aware,linear,16777216.0,200.135181
10:52:42,41910E0E,kaggle_home_credit,introduction_to_manual_feature_engineering,storage_aware,linear,16777216.0,170.702755
10:52:42,41910E0E,kaggle_home_credit,introduction_to_manual_feature_engineering_p2,storage_aware,linear,16777216.0,293.426893
10:52:42,41910E0E,kaggle_home_credit,fork_cridata_start_here_a_gentle_introduction,storage_aware,linear,16777216.0,64.606097
10:52:42,41910E0E,kaggle_home_credit,fork_taozhongxiao_start_here_a_gentle_introduction,storage_aware,linear,16777216.0,39.714785
10:52:42,41910E0E,kaggle_home_credit,fork_introduction_to_manual_feature_engineering,storage_aware,linear,16777216.0,42.478716
10:52:42,41910E0E,kaggle_home_credit,fork_introduction_to_manual_feature_engineering_p2,storage_aware,linear,16777216.0,97.472607
10:52:42,41910E0E,kaggle_home_credit,fork_join_start_here_intro,storage_aware,linear,16777216.0,62.7831
11:14:33,A60D80ED,kaggle_home_credit,start_here_a_gentle_introduction,simple,linear,16777216.0,200.592223
11:14:33,A60D80ED,kaggle_home_credit,introduction_to_manual_feature_engineering,simple,linear,16777216.0,171.434539
11:14:33,A60D80ED,kaggle_home_credit,introduction_to_manual_feature_engineering_p2,simple,linear,16777216.0,298.506553
11:14:33,A60D80ED,kaggle_home_credit,fork_cridata_start_here_a_gentle_introduction,simple,linear,16777216.0,121.038976
11:14:33,A60D80ED,kaggle_home_credit,fork_taozhongxiao_start_here_a_gentle_introduction,simple,linear,16777216.0,99.869133
11:14:33,A60D80ED,kaggle_home_credit,fork_introduction_to_manual_feature_engineering,simple,linear,16777216.0,153.700864
11:14:33,A60D80ED,kaggle_home_credit,fork_introduction_to_manual_feature_engineering_p2,simple,linear,16777216.0,224.626643
11:14:33,A60D80ED,kaggle_home_credit,fork_join_start_here_intro,simple,linear,16777216.0,235.18737
11:47:20,C06A3014,kaggle_home_credit,start_here_a_gentle_introduction,storage_aware,all_compute,16777216.0,199.416608
11:47:20,C06A3014,kaggle_home_credit,introduction_to_manual_feature_engineering,storage_aware,all_compute,16777216.0,171.332953
11:47:20,C06A3014,kaggle_home_credit,introduction_to_manual_feature_engineering_p2,storage_aware,all_compute,16777216.0,295.200937
11:47:20,C06A3014,kaggle_home_credit,fork_cridata_start_here_a_gentle_introduction,storage_aware,all_compute,16777216.0,160.204923
11:47:20,C06A3014,kaggle_home_credit,fork_taozhongxiao_start_here_a_gentle_introduction,storage_aware,all_compute,16777216.0,102.240216
11:47:20,C06A3014,kaggle_home_credit,fork_introduction_to_manual_feature_engineering,storage_aware,all_compute,16777216.0,148.160723
11:47:20,C06A3014,kaggle_home_credit,fork_introduction_to_manual_feature_engineering_p2,storage_aware,all_compute,16777216.0,713.688897
11:47:20,C06A3014,kaggle_home_credit,fork_join_start_here_intro,storage_aware,all_compute,16777216.0,244.729255
12:29:12,ED0891CE,kaggle_home_credit,start_here_a_gentle_introduction,simple,all_compute,16777216.0,200.616653
12:29:12,ED0891CE,kaggle_home_credit,introduction_to_manual_feature_engineering,simple,all_compute,16777216.0,172.508748
12:29:12,ED0891CE,kaggle_home_credit,introduction_to_manual_feature_engineering_p2,simple,all_compute,16777216.0,297.868745
12:29:12,ED0891CE,kaggle_home_credit,fork_cridata_start_here_a_gentle_introduction,simple,all_compute,16777216.0,162.645333
12:29:12,ED0891CE,kaggle_home_credit,fork_taozhongxiao_start_here_a_gentle_introduction,simple,all_compute,16777216.0,109.554603
12:29:12,ED0891CE,kaggle_home_credit,fork_introduction_to_manual_feature_engineering,simple,all_compute,16777216.0,156.039677
12:29:12,ED0891CE,kaggle_home_credit,fork_introduction_to_manual_feature_engineering_p2,simple,all_compute,16777216.0,710.233438
12:29:12,ED0891CE,kaggle_home_credit,fork_join_start_here_intro,simple,all_compute,16777216.0,246.233987
13:11:00,F3A9B4C9,kaggle_home_credit,start_here_a_gentle_introduction,storage_aware,all_mat,16777216.0,200.396801
13:11:00,F3A9B4C9,kaggle_home_credit,introduction_to_manual_feature_engineering,storage_aware,all_mat,16777216.0,171.414724
13:11:00,F3A9B4C9,kaggle_home_credit,introduction_to_manual_feature_engineering_p2,storage_aware,all_mat,16777216.0,295.833475
13:11:00,F3A9B4C9,kaggle_home_credit,fork_cridata_start_here_a_gentle_introduction,storage_aware,all_mat,16777216.0,92.524443
13:11:00,F3A9B4C9,kaggle_home_credit,fork_taozhongxiao_start_here_a_gentle_introduction,storage_aware,all_mat,16777216.0,47.560737
13:11:00,F3A9B4C9,kaggle_home_credit,fork_introduction_to_manual_feature_engineering,storage_aware,all_mat,16777216.0,49.510038
13:11:00,F3A9B4C9,kaggle_home_credit,fork_introduction_to_manual_feature_engineering_p2,storage_aware,all_mat,16777216.0,281.386853
13:11:00,F3A9B4C9,kaggle_home_credit,fork_join_start_here_intro,storage_aware,all_mat,16777216.0,81.151244
13:37:44,E8DBC135,kaggle_home_credit,start_here_a_gentle_introduction,simple,all_mat,16777216.0,200.238166
13:37:44,E8DBC135,kaggle_home_credit,introduction_to_manual_feature_engineering,simple,all_mat,16777216.0,170.434875
13:37:44,E8DBC135,kaggle_home_credit,introduction_to_manual_feature_engineering_p2,simple,all_mat,16777216.0,290.236144
13:37:44,E8DBC135,kaggle_home_credit,fork_cridata_start_here_a_gentle_introduction,simple,all_mat,16777216.0,139.828321
13:37:44,E8DBC135,kaggle_home_credit,fork_taozhongxiao_start_here_a_gentle_introduction,simple,all_mat,16777216.0,94.794527
13:37:44,E8DBC135,kaggle_home_credit,fork_introduction_to_manual_feature_engineering,simple,all_mat,16777216.0,152.94864
13:37:44,E8DBC135,kaggle_home_credit,fork_introduction_to_manual_feature_engineering_p2,simple,all_mat,16777216.0,405.769207
13:37:44,E8DBC135,kaggle_home_credit,fork_join_start_here_intro,simple,all_mat,16777216.0,243.792823
14:12:59,74DE5FC3,kaggle_home_credit,start_here_a_gentle_introduction,storage_aware,linear,16777216.0,200.129983
14:12:59,74DE5FC3,kaggle_home_credit,introduction_to_manual_feature_engineering,storage_aware,linear,16777216.0,171.786602
14:12:59,74DE5FC3,kaggle_home_credit,introduction_to_manual_feature_engineering_p2,storage_aware,linear,16777216.0,294.832457
14:12:59,74DE5FC3,kaggle_home_credit,fork_cridata_start_here_a_gentle_introduction,storage_aware,linear,16777216.0,64.469792
14:12:59,74DE5FC3,kaggle_home_credit,fork_taozhongxiao_start_here_a_gentle_introduction,storage_aware,linear,16777216.0,39.590962
14:12:59,74DE5FC3,kaggle_home_credit,fork_introduction_to_manual_feature_engineering,storage_aware,linear,16777216.0,42.070199
14:12:59,74DE5FC3,kaggle_home_credit,fork_introduction_to_manual_feature_engineering_p2,storage_aware,linear,16777216.0,69.757929
14:12:59,74DE5FC3,kaggle_home_credit,fork_join_start_here_intro,storage_aware,linear,16777216.0,63.367455
14:34:21,584E1AA2,kaggle_home_credit,start_here_a_gentle_introduction,simple,linear,16777216.0,200.263868
14:34:21,584E1AA2,kaggle_home_credit,introduction_to_manual_feature_engineering,simple,linear,16777216.0,172.066536
14:34:21,584E1AA2,kaggle_home_credit,introduction_to_manual_feature_engineering_p2,simple,linear,16777216.0,298.021171
14:34:21,584E1AA2,kaggle_home_credit,fork_cridata_start_here_a_gentle_introduction,simple,linear,16777216.0,119.220978
14:34:21,584E1AA2,kaggle_home_credit,fork_taozhongxiao_start_here_a_gentle_introduction,simple,linear,16777216.0,97.123743
14:34:21,584E1AA2,kaggle_home_credit,fork_introduction_to_manual_feature_engineering,simple,linear,16777216.0,152.519325
14:34:21,584E1AA2,kaggle_home_credit,fork_introduction_to_manual_feature_engineering_p2,simple,linear,16777216.0,211.809066
14:34:21,584E1AA2,kaggle_home_credit,fork_join_start_here_intro,simple,linear,16777216.0,236.209589
15:06:08,D122CB15,kaggle_home_credit,start_here_a_gentle_introduction,storage_aware,all_compute,16777216.0,200.003973
15:06:08,D122CB15,kaggle_home_credit,introduction_to_manual_feature_engineering,storage_aware,all_compute,16777216.0,170.284238
15:06:08,D122CB15,kaggle_home_credit,introduction_to_manual_feature_engineering_p2,storage_aware,all_compute,16777216.0,290.482528
15:06:08,D122CB15,kaggle_home_credit,fork_cridata_start_here_a_gentle_introduction,storage_aware,all_compute,16777216.0,160.541961
15:06:08,D122CB15,kaggle_home_credit,fork_taozhongxiao_start_here_a_gentle_introduction,storage_aware,all_compute,16777216.0,101.584679
15:06:08,D122CB15,kaggle_home_credit,fork_introduction_to_manual_feature_engineering,storage_aware,all_compute,16777216.0,148.508093
15:06:08,D122CB15,kaggle_home_credit,fork_introduction_to_manual_feature_engineering_p2,storage_aware,all_compute,16777216.0,706.293032
15:06:08,D122CB15,kaggle_home_credit,fork_join_start_here_intro,storage_aware,all_compute,16777216.0,243.286463
15:47:45,05F84883,kaggle_home_credit,start_here_a_gentle_introduction,simple,all_compute,16777216.0,201.478844
15:47:45,05F84883,kaggle_home_credit,introduction_to_manual_feature_engineering,simple,all_compute,16777216.0,171.790601
15:47:45,05F84883,kaggle_home_credit,introduction_to_manual_feature_engineering_p2,simple,all_compute,16777216.0,302.944169
15:47:45,05F84883,kaggle_home_credit,fork_cridata_start_here_a_gentle_introduction,simple,all_compute,16777216.0,160.944567
15:47:45,05F84883,kaggle_home_credit,fork_taozhongxiao_start_here_a_gentle_introduction,simple,all_compute,16777216.0,100.234726
15:47:45,05F84883,kaggle_home_credit,fork_introduction_to_manual_feature_engineering,simple,all_compute,16777216.0,150.202489
15:47:45,05F84883,kaggle_home_credit,fork_introduction_to_manual_feature_engineering_p2,simple,all_compute,16777216.0,689.109194
15:47:45,05F84883,kaggle_home_credit,fork_join_start_here_intro,simple,all_compute,16777216.0,248.971336
16:28:31,C6C9DDAC,kaggle_home_credit,start_here_a_gentle_introduction,storage_aware,all_mat,16777216.0,201.223153
16:28:31,C6C9DDAC,kaggle_home_credit,introduction_to_manual_feature_engineering,storage_aware,all_mat,16777216.0,172.034111
16:28:31,C6C9DDAC,kaggle_home_credit,introduction_to_manual_feature_engineering_p2,storage_aware,all_mat,16777216.0,296.970901
16:28:31,C6C9DDAC,kaggle_home_credit,fork_cridata_start_here_a_gentle_introduction,storage_aware,all_mat,16777216.0,92.502746
16:28:31,C6C9DDAC,kaggle_home_credit,fork_taozhongxiao_start_here_a_gentle_introduction,storage_aware,all_mat,16777216.0,48.692728
16:28:31,C6C9DDAC,kaggle_home_credit,fork_introduction_to_manual_feature_engineering,storage_aware,all_mat,16777216.0,49.087072
16:28:31,C6C9DDAC,kaggle_home_credit,fork_introduction_to_manual_feature_engineering_p2,storage_aware,all_mat,16777216.0,279.110896
16:28:31,C6C9DDAC,kaggle_home_credit,fork_join_start_here_intro,storage_aware,all_mat,16777216.0,84.129296
16:55:20,9AAF7170,kaggle_home_credit,start_here_a_gentle_introduction,simple,all_mat,16777216.0,200.022135
16:55:20,9AAF7170,kaggle_home_credit,introduction_to_manual_feature_engineering,simple,all_mat,16777216.0,172.183195
16:55:20,9AAF7170,kaggle_home_credit,introduction_to_manual_feature_engineering_p2,simple,all_mat,16777216.0,295.253033
16:55:20,9AAF7170,kaggle_home_credit,fork_cridata_start_here_a_gentle_introduction,simple,all_mat,16777216.0,151.928559
16:55:20,9AAF7170,kaggle_home_credit,fork_taozhongxiao_start_here_a_gentle_introduction,simple,all_mat,16777216.0,102.638398
16:55:20,9AAF7170,kaggle_home_credit,fork_introduction_to_manual_feature_engineering,simple,all_mat,16777216.0,149.67266
16:55:20,9AAF7170,kaggle_home_credit,fork_introduction_to_manual_feature_engineering_p2,simple,all_mat,16777216.0,407.093069
16:55:20,9AAF7170,kaggle_home_credit,fork_join_start_here_intro,simple,all_mat,16777216.0,242.718202
17:31:04,458B92D5,kaggle_home_credit,start_here_a_gentle_introduction,storage_aware,linear,16777216.0,199.864128
17:31:04,458B92D5,kaggle_home_credit,introduction_to_manual_feature_engineering,storage_aware,linear,16777216.0,170.346734
17:31:04,458B92D5,kaggle_home_credit,introduction_to_manual_feature_engineering_p2,storage_aware,linear,16777216.0,304.35573
17:31:04,458B92D5,kaggle_home_credit,fork_cridata_start_here_a_gentle_introduction,storage_aware,linear,16777216.0,62.964568
17:31:04,458B92D5,kaggle_home_credit,fork_taozhongxiao_start_here_a_gentle_introduction,storage_aware,linear,16777216.0,39.884828
17:31:04,458B92D5,kaggle_home_credit,fork_introduction_to_manual_feature_engineering,storage_aware,linear,16777216.0,42.51786
17:31:04,458B92D5,kaggle_home_credit,fork_introduction_to_manual_feature_engineering_p2,storage_aware,linear,16777216.0,42.612623
17:31:04,458B92D5,kaggle_home_credit,fork_join_start_here_intro,storage_aware,linear,16777216.0,62.522764
17:51:58,C1D05C68,kaggle_home_credit,start_here_a_gentle_introduction,simple,linear,16777216.0,199.770954
17:51:58,C1D05C68,kaggle_home_credit,introduction_to_manual_feature_engineering,simple,linear,16777216.0,171.230963
17:51:58,C1D05C68,kaggle_home_credit,introduction_to_manual_feature_engineering_p2,simple,linear,16777216.0,295.529673
17:51:58,C1D05C68,kaggle_home_credit,fork_cridata_start_here_a_gentle_introduction,simple,linear,16777216.0,122.350028
17:51:58,C1D05C68,kaggle_home_credit,fork_taozhongxiao_start_here_a_gentle_introduction,simple,linear,16777216.0,94.142092
17:51:58,C1D05C68,kaggle_home_credit,fork_introduction_to_manual_feature_engineering,simple,linear,16777216.0,148.12837
17:51:58,C1D05C68,kaggle_home_credit,fork_introduction_to_manual_feature_engineering_p2,simple,linear,16777216.0,143.994038
17:51:58,C1D05C68,kaggle_home_credit,fork_join_start_here_intro,simple,linear,16777216.0,234.32621
18:22:09,112F4578,kaggle_home_credit,start_here_a_gentle_introduction,storage_aware,all_compute,16777216.0,201.164718
18:22:09,112F4578,kaggle_home_credit,introduction_to_manual_feature_engineering,storage_aware,all_compute,16777216.0,172.4735
18:22:09,112F4578,kaggle_home_credit,introduction_to_manual_feature_engineering_p2,storage_aware,all_compute,16777216.0,305.323069
18:22:09,112F4578,kaggle_home_credit,fork_cridata_start_here_a_gentle_introduction,storage_aware,all_compute,16777216.0,158.71384
18:22:09,112F4578,kaggle_home_credit,fork_taozhongxiao_start_here_a_gentle_introduction,storage_aware,all_compute,16777216.0,108.810139
18:22:09,112F4578,kaggle_home_credit,fork_introduction_to_manual_feature_engineering,storage_aware,all_compute,16777216.0,153.11998
18:22:09,112F4578,kaggle_home_credit,fork_introduction_to_manual_feature_engineering_p2,storage_aware,all_compute,16777216.0,688.378233
18:22:09,112F4578,kaggle_home_credit,fork_join_start_here_intro,storage_aware,all_compute,16777216.0,241.887506
19:04:14,CDE112DD,kaggle_home_credit,start_here_a_gentle_introduction,simple,all_compute,16777216.0,200.795362
19:04:14,CDE112DD,kaggle_home_credit,introduction_to_manual_feature_engineering,simple,all_compute,16777216.0,171.483826
19:04:14,CDE112DD,kaggle_home_credit,introduction_to_manual_feature_engineering_p2,simple,all_compute,16777216.0,289.991145
19:04:14,CDE112DD,kaggle_home_credit,fork_cridata_start_here_a_gentle_introduction,simple,all_compute,16777216.0,159.531775
19:04:14,CDE112DD,kaggle_home_credit,fork_taozhongxiao_start_here_a_gentle_introduction,simple,all_compute,16777216.0,107.701553
19:04:14,CDE112DD,kaggle_home_credit,fork_introduction_to_manual_feature_engineering,simple,all_compute,16777216.0,153.004474
19:04:14,CDE112DD,kaggle_home_credit,fork_introduction_to_manual_feature_engineering_p2,simple,all_compute,16777216.0,806.599501
19:04:14,CDE112DD,kaggle_home_credit,fork_join_start_here_intro,simple,all_compute,16777216.0,247.116768
12:43:23,79395594,kaggle_home_credit,start_here_a_gentle_introduction,helix,all_mat,16777216.0,203.061479
12:43:23,79395594,kaggle_home_credit,introduction_to_manual_feature_engineering,helix,all_mat,16777216.0,173.530705
12:43:23,79395594,kaggle_home_credit,introduction_to_manual_feature_engineering_p2,helix,all_mat,16777216.0,312.838505
12:43:23,79395594,kaggle_home_credit,fork_cridata_start_here_a_gentle_introduction,helix,all_mat,16777216.0,163.011668
12:43:23,79395594,kaggle_home_credit,fork_taozhongxiao_start_here_a_gentle_introduction,helix,all_mat,16777216.0,94.623164
12:43:23,79395594,kaggle_home_credit,fork_introduction_to_manual_feature_engineering,helix,all_mat,16777216.0,150.916788
12:43:23,79395594,kaggle_home_credit,fork_introduction_to_manual_feature_engineering_p2,helix,all_mat,16777216.0,655.736663
13:21:14,FA109C5F,kaggle_home_credit,start_here_a_gentle_introduction,helix,linear,16777216.0,202.223794
13:21:14,FA109C5F,kaggle_home_credit,introduction_to_manual_feature_engineering,helix,linear,16777216.0,172.346706
13:21:14,FA109C5F,kaggle_home_credit,introduction_to_manual_feature_engineering_p2,helix,linear,16777216.0,299.027809
13:21:14,FA109C5F,kaggle_home_credit,fork_cridata_start_here_a_gentle_introduction,helix,linear,16777216.0,159.872335
13:21:14,FA109C5F,kaggle_home_credit,fork_taozhongxiao_start_here_a_gentle_introduction,helix,linear,16777216.0,95.984708
13:21:14,FA109C5F,kaggle_home_credit,fork_introduction_to_manual_feature_engineering,helix,linear,16777216.0,150.155855
13:21:14,FA109C5F,kaggle_home_credit,fork_introduction_to_manual_feature_engineering_p2,helix,linear,16777216.0,645.487634
14:00:06,89A33854,kaggle_home_credit,start_here_a_gentle_introduction,helix,all_compute,16777216.0,202.742487
14:00:06,89A33854,kaggle_home_credit,introduction_to_manual_feature_engineering,helix,all_compute,16777216.0,174.299537
14:00:06,89A33854,kaggle_home_credit,introduction_to_manual_feature_engineering_p2,helix,all_compute,16777216.0,304.470612
14:00:06,89A33854,kaggle_home_credit,fork_cridata_start_here_a_gentle_introduction,helix,all_compute,16777216.0,162.33831
14:00:06,89A33854,kaggle_home_credit,fork_taozhongxiao_start_here_a_gentle_introduction,helix,all_compute,16777216.0,101.989887
14:00:06,89A33854,kaggle_home_credit,fork_introduction_to_manual_feature_engineering,helix,all_compute,16777216.0,149.207106
14:35:03,3936E5D4,kaggle_home_credit,start_here_a_gentle_introduction,storage_aware,helix,16777216.0,202.109626
14:35:03,3936E5D4,kaggle_home_credit,introduction_to_manual_feature_engineering,storage_aware,helix,16777216.0,172.386721
14:35:03,3936E5D4,kaggle_home_credit,introduction_to_manual_feature_engineering_p2,storage_aware,helix,16777216.0,300.186856
14:35:03,3936E5D4,kaggle_home_credit,fork_cridata_start_here_a_gentle_introduction,storage_aware,helix,16777216.0,79.565172
14:35:03,3936E5D4,kaggle_home_credit,fork_taozhongxiao_start_here_a_gentle_introduction,storage_aware,helix,16777216.0,46.371612
14:35:03,3936E5D4,kaggle_home_credit,fork_introduction_to_manual_feature_engineering,storage_aware,helix,16777216.0,45.071913
14:35:03,3936E5D4,kaggle_home_credit,fork_introduction_to_manual_feature_engineering_p2,storage_aware,helix,16777216.0,71.595955
14:35:03,3936E5D4,kaggle_home_credit,fork_join_start_here_intro,storage_aware,helix,16777216.0,64.284241
14:58:43,1A43F5B9,kaggle_home_credit,start_here_a_gentle_introduction,simple,helix,16777216.0,201.996307
14:58:43,1A43F5B9,kaggle_home_credit,introduction_to_manual_feature_engineering,simple,helix,16777216.0,172.663341
14:58:43,1A43F5B9,kaggle_home_credit,introduction_to_manual_feature_engineering_p2,simple,helix,16777216.0,302.611903
14:58:43,1A43F5B9,kaggle_home_credit,fork_cridata_start_here_a_gentle_introduction,simple,helix,16777216.0,128.994675
14:58:43,1A43F5B9,kaggle_home_credit,fork_taozhongxiao_start_here_a_gentle_introduction,simple,helix,16777216.0,97.79883
14:58:43,1A43F5B9,kaggle_home_credit,fork_introduction_to_manual_feature_engineering,simple,helix,16777216.0,149.375957
14:58:43,1A43F5B9,kaggle_home_credit,fork_introduction_to_manual_feature_engineering_p2,simple,helix,16777216.0,163.710483
14:58:43,1A43F5B9,kaggle_home_credit,fork_join_start_here_intro,simple,helix,16777216.0,236.569484
16:05:37,A1F8414D,kaggle_home_credit,start_here_a_gentle_introduction,helix,all_mat,16777216.0,202.36403
16:05:37,A1F8414D,kaggle_home_credit,introduction_to_manual_feature_engineering,helix,all_mat,16777216.0,173.59622
16:05:37,A1F8414D,kaggle_home_credit,introduction_to_manual_feature_engineering_p2,helix,all_mat,16777216.0,305.499197
16:05:37,A1F8414D,kaggle_home_credit,fork_cridata_start_here_a_gentle_introduction,helix,all_mat,16777216.0,162.832095
16:05:37,A1F8414D,kaggle_home_credit,fork_taozhongxiao_start_here_a_gentle_introduction,helix,all_mat,16777216.0,95.354258
16:05:37,A1F8414D,kaggle_home_credit,fork_introduction_to_manual_feature_engineering,helix,all_mat,16777216.0,151.752936
16:05:37,A1F8414D,kaggle_home_credit,fork_introduction_to_manual_feature_engineering_p2,helix,all_mat,16777216.0,679.941498
16:45:10,D1179513,kaggle_home_credit,start_here_a_gentle_introduction,helix,linear,16777216.0,202.456169
16:45:10,D1179513,kaggle_home_credit,introduction_to_manual_feature_engineering,helix,linear,16777216.0,173.678653
16:45:10,D1179513,kaggle_home_credit,introduction_to_manual_feature_engineering_p2,helix,linear,16777216.0,301.999371
16:45:10,D1179513,kaggle_home_credit,fork_cridata_start_here_a_gentle_introduction,helix,linear,16777216.0,161.798276
16:45:10,D1179513,kaggle_home_credit,fork_taozhongxiao_start_here_a_gentle_introduction,helix,linear,16777216.0,92.450314
16:45:10,D1179513,kaggle_home_credit,fork_introduction_to_manual_feature_engineering,helix,linear,16777216.0,149.293092
16:45:10,D1179513,kaggle_home_credit,fork_introduction_to_manual_feature_engineering_p2,helix,linear,16777216.0,602.097833
17:23:18,62BB499E,kaggle_home_credit,start_here_a_gentle_introduction,helix,all_compute,16777216.0,201.797591
17:23:18,62BB499E,kaggle_home_credit,introduction_to_manual_feature_engineering,helix,all_compute,16777216.0,172.753087
17:23:18,62BB499E,kaggle_home_credit,introduction_to_manual_feature_engineering_p2,helix,all_compute,16777216.0,303.331291
17:23:18,62BB499E,kaggle_home_credit,fork_cridata_start_here_a_gentle_introduction,helix,all_compute,16777216.0,161.338621
17:23:18,62BB499E,kaggle_home_credit,fork_taozhongxiao_start_here_a_gentle_introduction,helix,all_compute,16777216.0,106.623231
17:23:18,62BB499E,kaggle_home_credit,fork_introduction_to_manual_feature_engineering,helix,all_compute,16777216.0,150.205402
18:00:09,689127A7,kaggle_home_credit,start_here_a_gentle_introduction,storage_aware,helix,16777216.0,202.614089
18:00:09,689127A7,kaggle_home_credit,introduction_to_manual_feature_engineering,storage_aware,helix,16777216.0,172.435257
18:00:09,689127A7,kaggle_home_credit,introduction_to_manual_feature_engineering_p2,storage_aware,helix,16777216.0,301.290927
18:00:09,689127A7,kaggle_home_credit,fork_cridata_start_here_a_gentle_introduction,storage_aware,helix,16777216.0,85.613357
18:00:09,689127A7,kaggle_home_credit,fork_taozhongxiao_start_here_a_gentle_introduction,storage_aware,helix,16777216.0,45.79461
18:00:09,689127A7,kaggle_home_credit,fork_introduction_to_manual_feature_engineering,storage_aware,helix,16777216.0,46.797686
18:00:09,689127A7,kaggle_home_credit,fork_introduction_to_manual_feature_engineering_p2,storage_aware,helix,16777216.0,72.411181
18:00:09,689127A7,kaggle_home_credit,fork_join_start_here_intro,storage_aware,helix,16777216.0,64.687256
18:23:42,C66AA956,kaggle_home_credit,start_here_a_gentle_introduction,simple,helix,16777216.0,200.551802
18:23:42,C66AA956,kaggle_home_credit,introduction_to_manual_feature_engineering,simple,helix,16777216.0,172.970388
18:23:42,C66AA956,kaggle_home_credit,introduction_to_manual_feature_engineering_p2,simple,helix,16777216.0,301.939992
18:23:42,C66AA956,kaggle_home_credit,fork_cridata_start_here_a_gentle_introduction,simple,helix,16777216.0,132.340873
18:23:42,C66AA956,kaggle_home_credit,fork_taozhongxiao_start_here_a_gentle_introduction,simple,helix,16777216.0,106.847846
18:23:42,C66AA956,kaggle_home_credit,fork_introduction_to_manual_feature_engineering,simple,helix,16777216.0,147.465861
18:23:42,C66AA956,kaggle_home_credit,fork_introduction_to_manual_feature_engineering_p2,simple,helix,16777216.0,326.246189
18:23:42,C66AA956,kaggle_home_credit,fork_join_start_here_intro,simple,helix,16777216.0,234.414491
19:37:13,7BC939D4,kaggle_home_credit,start_here_a_gentle_introduction,helix,all_mat,16777216.0,201.788191
19:37:13,7BC939D4,kaggle_home_credit,introduction_to_manual_feature_engineering,helix,all_mat,16777216.0,173.854978
19:37:13,7BC939D4,kaggle_home_credit,introduction_to_manual_feature_engineering_p2,helix,all_mat,16777216.0,302.888384
19:37:13,7BC939D4,kaggle_home_credit,fork_cridata_start_here_a_gentle_introduction,helix,all_mat,16777216.0,159.768565
19:37:13,7BC939D4,kaggle_home_credit,fork_taozhongxiao_start_here_a_gentle_introduction,helix,all_mat,16777216.0,98.379741
19:37:13,7BC939D4,kaggle_home_credit,fork_introduction_to_manual_feature_engineering,helix,all_mat,16777216.0,151.456984
19:37:13,7BC939D4,kaggle_home_credit,fork_introduction_to_manual_feature_engineering_p2,helix,all_mat,16777216.0,635.207886
20:14:36,52E9EC55,kaggle_home_credit,start_here_a_gentle_introduction,helix,linear,16777216.0,202.288231
20:14:36,52E9EC55,kaggle_home_credit,introduction_to_manual_feature_engineering,helix,linear,16777216.0,172.648937
20:14:36,52E9EC55,kaggle_home_credit,introduction_to_manual_feature_engineering_p2,helix,linear,16777216.0,305.52467
20:14:36,52E9EC55,kaggle_home_credit,fork_cridata_start_here_a_gentle_introduction,helix,linear,16777216.0,159.91185
20:14:36,52E9EC55,kaggle_home_credit,fork_taozhongxiao_start_here_a_gentle_introduction,helix,linear,16777216.0,103.946255
20:14:36,52E9EC55,kaggle_home_credit,fork_introduction_to_manual_feature_engineering,helix,linear,16777216.0,150.831823
20:14:36,52E9EC55,kaggle_home_credit,fork_introduction_to_manual_feature_engineering_p2,helix,linear,16777216.0,846.779873
20:57:06,761C0713,kaggle_home_credit,start_here_a_gentle_introduction,helix,all_compute,16777216.0,201.140953
20:57:06,761C0713,kaggle_home_credit,introduction_to_manual_feature_engineering,helix,all_compute,16777216.0,172.253086
20:57:06,761C0713,kaggle_home_credit,introduction_to_manual_feature_engineering_p2,helix,all_compute,16777216.0,299.90667
20:57:06,761C0713,kaggle_home_credit,fork_cridata_start_here_a_gentle_introduction,helix,all_compute,16777216.0,162.530912
20:57:06,761C0713,kaggle_home_credit,fork_taozhongxiao_start_here_a_gentle_introduction,helix,all_compute,16777216.0,101.620797
20:57:06,761C0713,kaggle_home_credit,fork_introduction_to_manual_feature_engineering,helix,all_compute,16777216.0,148.931257
21:35:09,1FA18CC6,kaggle_home_credit,start_here_a_gentle_introduction,storage_aware,helix,16777216.0,203.740584
21:35:09,1FA18CC6,kaggle_home_credit,introduction_to_manual_feature_engineering,storage_aware,helix,16777216.0,174.210459
21:35:09,1FA18CC6,kaggle_home_credit,introduction_to_manual_feature_engineering_p2,storage_aware,helix,16777216.0,301.949472
21:35:09,1FA18CC6,kaggle_home_credit,fork_cridata_start_here_a_gentle_introduction,storage_aware,helix,16777216.0,86.10006
21:35:09,1FA18CC6,kaggle_home_credit,fork_taozhongxiao_start_here_a_gentle_introduction,storage_aware,helix,16777216.0,40.28786
21:35:09,1FA18CC6,kaggle_home_credit,fork_introduction_to_manual_feature_engineering,storage_aware,helix,16777216.0,34.032172
21:35:09,1FA18CC6,kaggle_home_credit,fork_introduction_to_manual_feature_engineering_p2,storage_aware,helix,16777216.0,60.363104
21:35:09,1FA18CC6,kaggle_home_credit,fork_join_start_here_intro,storage_aware,helix,16777216.0,63.086433
21:58:25,F45E20E4,kaggle_home_credit,start_here_a_gentle_introduction,simple,helix,16777216.0,204.375911
21:58:25,F45E20E4,kaggle_home_credit,introduction_to_manual_feature_engineering,simple,helix,16777216.0,173.324031
21:58:25,F45E20E4,kaggle_home_credit,introduction_to_manual_feature_engineering_p2,simple,helix,16777216.0,302.510484
21:58:25,F45E20E4,kaggle_home_credit,fork_cridata_start_here_a_gentle_introduction,simple,helix,16777216.0,122.255615
21:58:25,F45E20E4,kaggle_home_credit,fork_taozhongxiao_start_here_a_gentle_introduction,simple,helix,16777216.0,94.872227
21:58:25,F45E20E4,kaggle_home_credit,fork_introduction_to_manual_feature_engineering,simple,helix,16777216.0,149.102107
21:58:25,F45E20E4,kaggle_home_credit,fork_introduction_to_manual_feature_engineering_p2,simple,helix,16777216.0,170.407456
21:58:25,F45E20E4,kaggle_home_credit,fork_join_start_here_intro,simple,helix,16777216.0,236.131942